"date","venue","performers","evidence_type","source_id","status","notes"
"1993-07-10","Morley","Sven Väth","recording_index","SRC-019","documented_recording","No claim of complete lineup"
"1993-10-02","Morley","John Berry; CJ Bolland","recording_index","SRC-016","secondary_recording_listing","Cross-check against original flyer"
"1993-10-09","Morley","Marco Zaffarano","recording_index","SRC-016","secondary_recording_listing","Cross-check flyer"
"1993-10-16","Morley","WestBam","recording_index","SRC-016","secondary_recording_listing","Cross-check flyer"
"1994-01-08","Morley","Laurent Garnier","recording_index","SRC-016","secondary_recording_listing","Cross-check flyer"
"1994-01-22","Morley","John Berry; Tanith","recording_index","SRC-016","secondary_recording_listing","Cross-check flyer"
"1994-02-05","Morley","Dave Angel","recording_index","SRC-016","secondary_recording_listing","Cross-check flyer"
"1994-02-12","Morley","Damon Wild","recording_index","SRC-016","secondary_recording_listing","Cross-check flyer"
"1994-03-12","Morley","John Berry; Nigel Walker; WestBam","recording_index","SRC-016","secondary_recording_listing","Cross-check flyer"
"1994-06-18","Morley","Jeff Mills","recording_index","SRC-016","secondary_recording_listing","Third anniversary listing"
"1994-06-25","Morley","John Berry; Nigel Walker","recording_index","SRC-020","documented_recording","Flyer at SRC-015 is a distinct source; verify advertised guests from scan"
"1994-07-23","Morley","Joey Beltram; John Berry; Nigel Walker; Stuart McMillan","secondary_catalogue","SRC-017","secondary_listing","DJWORX catalogue; check existing local flyer scan"
"1994-08-20","Morley","Jeff Mills","recording_index","SRC-016","secondary_recording_listing","Cross-check flyer"
"1994-12-17","Morley","Sven Väth","recording_index","SRC-016","secondary_recording_listing","Cross-check flyer"
"1994-12-31","Morley","Speedy J (live)","recording_index","SRC-016","secondary_recording_listing","Other artists possible; not full lineup"
"1995-05-06","Morley","Cari Lekebusch; Glenn Wilson; John Berry; Nigel Walker","recording_index","SRC-016","secondary_recording_listing","No guarantee complete lineup"
"1996-05-25","Morley","Jeff Mills","recording_index","SRC-016","secondary_recording_listing","Fifth anniversary listing"
"1997-12-31","Morley","CJ Bolland; Dave Clarke; Joey Beltram; Surgeon","recording_index","SRC-016","secondary_recording_listing","Multiple recording listings, not full lineup"
"2001-10-20","Morley","James Ruskin; Luke Slater","recording_index","SRC-016","secondary_recording_listing","Cross-check flyer"
